{
  "accuracy": 0.8769633507853403,
  "precision_macro": 0.8330999770337157,
  "recall_macro": 0.8576220600108314,
  "f1_macro": 0.8409473558634708,
  "classification_report": {
    "glass": {
      "precision": 0.9,
      "recall": 0.8289473684210527,
      "f1-score": 0.863013698630137,
      "support": 76.0
    },
    "metal": {
      "precision": 0.8405797101449275,
      "recall": 0.9354838709677419,
      "f1-score": 0.8854961832061069,
      "support": 62.0
    },
    "organic_waste": {
      "precision": 0.6071428571428571,
      "recall": 0.8095238095238095,
      "f1-score": 0.6938775510204082,
      "support": 21.0
    },
    "paper": {
      "precision": 0.9271523178807947,
      "recall": 0.9333333333333333,
      "f1-score": 0.9302325581395349,
      "support": 150.0
    },
    "plastic": {
      "precision": 0.890625,
      "recall": 0.7808219178082192,
      "f1-score": 0.8321167883211679,
      "support": 73.0
    },
    "accuracy": 0.8769633507853403,
    "macro avg": {
      "precision": 0.8330999770337157,
      "recall": 0.8576220600108314,
      "f1-score": 0.8409473558634708,
      "support": 382.0
    },
    "weighted avg": {
      "precision": 0.8831267400814259,
      "recall": 0.8769633507853403,
      "f1-score": 0.8778550845405055,
      "support": 382.0
    }
  }
}